{
    "loss": 14.64736557006836,
    "accuracy": 0.5686274766921997
}