{
    "loss": 5.979255199432373,
    "accuracy": 0.5686274766921997
}