{
    "loss": 28.905284881591797,
    "accuracy": 0.5686274766921997
}